,T2m_mean,T2m_std,Am100_mean,Am100_std,Af100_mean,Af100_std,T2fl_mean,T2fl_std,T2fs_mean,T2fs_std,T1f_mean,T1f_std,T1m_mean,T1m_std,Af_mean,Af_std,Am_mean,Am_std,cl_mean,cl_std,cs_mean,cs_std,B1_mean,B1_std,echo_mean,echo_std,rss_mean,rss_std,rchi_mean,rchi_std,AIC_mean,AIC_std,BIC_mean,BIC_std,cl100_mean,cl100_std,cs100_mean,cs100_std,roi,subject,session,imagedRegion,fitModel,groupName,imagedRegionType
0,35.19254946422525,1.1369346805611626,95.63757478850877,3.1006252952321978,4.362425211491217,3.1006252952321978,250.0,0.0,50.0,0.0,1.0,0.0,1.0,0.0,0.06341900536353035,0.04429986473491107,1.3964154166726357,0.058770167635675455,0.5499999999999998,1.4470278157762427e-16,0.45000000000000007,9.105048408225813e-17,1.0,0.0,10.0,0.0,0.0011552020422556121,0.00028143557842170064,9.626683685463434e-05,2.3452964868475053e-05,-136.5466613232942,3.840302169822856,-134.42251071998757,3.8403021698228574,55.000000000000014,2.1542641845115433e-15,44.99999999999999,0.0,VL,HC-001,sess-1,upperleg,Azzabou,healthyVolunteers,muscle
1,35.30405684346665,1.2166322575415545,93.84880148943971,3.8877516959559757,6.151198510560295,3.8877516959559757,250.0,0.0,50.0,0.0,1.0,0.0,1.0,0.0,0.08854575499320541,0.05374848132786385,1.3622911863859206,0.07471182159422414,0.5499999999999999,1.5714017780131466e-16,0.4500000000000001,1.0160743580553699e-16,1.0,0.0,10.0,0.0,0.001068528153128922,0.0002683258678156459,8.904401276074351e-05,2.2360488984637164e-05,-137.87176872142066,3.956403179122394,-135.74761811811405,3.956403179122395,55.000000000000014,0.0,44.99999999999999,0.0,BL,HC-001,sess-1,upperleg,Azzabou,healthyVolunteers,muscle
