{
    "DMDT-001": {
        "T2_fl": 974.1715581373516,
        "T2_fs": 69.99582181216502,
        "c_l": 0.5109452504278974,
        "c_s": 0.5401310866434397
    },
    "DMDT-002": {
        "T2_fl": 726.3444352704491,
        "T2_fs": 60.46963896543916,
        "c_l": 0.5736777872948988,
        "c_s": 0.4578339762710822
    },
    "DMDT-004": {
        "T2_fl": 738.6831174308481,
        "T2_fs": 68.30202999874334,
        "c_l": 0.5858708072732627,
        "c_s": 0.49962200249603556
    },
    "DMDT-005": {
        "T2_fl": 1103.3469329220318,
        "T2_fs": 88.71994725121162,
        "c_l": 0.4622493464441616,
        "c_s": 0.5725530799910338
    },
    "DMDT-006": {
        "T2_fl": 1071.4734731700105,
        "T2_fs": 92.18508505886844,
        "c_l": 0.4917252422525878,
        "c_s": 0.585371151829674
    },
    "DMDT-007": {
        "T2_fl": 902.3443183718854,
        "T2_fs": 68.66216692818158,
        "c_l": 0.501345535377114,
        "c_s": 0.5011435932976389
    },
    "DMDT-008": {
        "T2_fl": 1047.6301924806096,
        "T2_fs": 78.7842893535469,
        "c_l": 0.4684107336348045,
        "c_s": 0.5659754366897581
    },
    "DMDT-009": {
        "T2_fl": 1015.6867334108262,
        "T2_fs": 90.09632181825374,
        "c_l": 0.5038180433487734,
        "c_s": 0.6043617245568946
    },
    "DMDT-010": {
        "T2_fl": 761.0330693534048,
        "T2_fs": 64.93514254961471,
        "c_l": 0.5313179817673594,
        "c_s": 0.4680139192903659
    },
    "DMDT-011": {
        "T2_fl": 1345.4575865419124,
        "T2_fs": 148.17165539607703,
        "c_l": 0.35228807499854525,
        "c_s": 0.67965691069719
    },
    "DMDT-012": {
        "T2_fl": 883.1656864242518,
        "T2_fs": 68.80154838058561,
        "c_l": 0.48927503498832536,
        "c_s": 0.5202519513850353
    },
    "DMDT-013": {
        "T2_fl": 755.8606668497673,
        "T2_fs": 68.59476794339108,
        "c_l": 0.6123788468914919,
        "c_s": 0.49237602080549403
    },
    "DMDT-014": {
        "T2_fl": 1097.4561406809223,
        "T2_fs": 89.19456989611363,
        "c_l": 0.39563770050173513,
        "c_s": 0.6111508650410038
    },
    "DMDT-015": {
        "T2_fl": 231.19667867917434,
        "T2_fs": 47.990503972073476,
        "c_l": 0.6866910680031649,
        "c_s": 0.5482583493068157
    },
    "DMDT-016": {
        "T2_fl": 655.465378223338,
        "T2_fs": 62.11917932118377,
        "c_l": 0.5535920142363573,
        "c_s": 0.4647722084026105
    },
    "HC-001": {
        "T2_fl": 285.38839848821067,
        "T2_fs": 41.438663678940195,
        "c_l": 0.7675060883919245,
        "c_s": 0.2887571919625621
    },
    "HC-002": {
        "T2_fl": 382.565897146047,
        "T2_fs": 57.59065328362185,
        "c_l": 0.6919863942170579,
        "c_s": 0.3391801549077355
    },
    "HC-003": {
        "T2_fl": 321.3562948720528,
        "T2_fs": 44.41590076737148,
        "c_l": 0.7104883036766204,
        "c_s": 0.34772397455179166
    },
    "HC-004": {
        "T2_fl": 263.43125790730323,
        "T2_fs": 38.941489731821754,
        "c_l": 0.7422812729641576,
        "c_s": 0.3052990360255698
    },
    "HC-005": {
        "T2_fl": 343.1261117965754,
        "T2_fs": 46.76285258831721,
        "c_l": 0.7935186707176486,
        "c_s": 0.3956467255106837
    },
    "HC-006": {
        "T2_fl": 351.7008525702846,
        "T2_fs": 39.22910149105911,
        "c_l": 0.7707352211287786,
        "c_s": 0.3715541476409677
    }
}