,T2m_mean,T2m_std,Am100_mean,Am100_std,Af100_mean,Af100_std,T2fl_mean,T2fl_std,T2fs_mean,T2fs_std,T1f_mean,T1f_std,T1m_mean,T1m_std,Af_mean,Af_std,Am_mean,Am_std,cl_mean,cl_std,cs_mean,cs_std,B1_mean,B1_std,echo_mean,echo_std,rss_mean,rss_std,rchi_mean,rchi_std,AIC_mean,AIC_std,BIC_mean,BIC_std,cl100_mean,cl100_std,cs100_mean,cs100_std,roi,subject,session,imagedRegion,fitModel,groupName,imagedRegionType
0,30.614382454637663,0.5866104712705786,97.0282261488177,2.6897994000025385,2.9717738511823155,2.6897994000025385,251.29678357874656,2.0471725683070258e-14,70.92735960548043,4.3085283690230866e-15,365.0,0.0,1400.0,0.0,0.020796173206513467,0.018713380801702723,0.6800912744941698,0.0390013910509681,0.5105875682481413,1.110424036946314e-16,0.48941243175185833,3.682210855386973e-17,0.9347153194199969,0.03409205180487482,10.0,0.0,0.0010138913779809725,0.0002641149827096546,7.799164446007483e-05,2.0316537131511893e-05,-157.9132823849772,4.326293134552448,-154.58042900875236,4.326293134552448,51.05875682481416,2.393483941561085e-15,48.94124317518584,2.393483941561085e-15,VL,HC-001,sess-1,upperleg,AzzEPG,healthyVolunteers,muscle
1,31.077721864625108,0.7192783919544847,95.50938607056875,3.471153216570989,4.490613929431253,3.471153216570989,251.29678357874658,4.6609700376069526e-14,70.92735960548043,0.0,365.0,0.0,1400.0,0.0,0.030320529298295866,0.022783686572554675,0.6489488716446449,0.03230013352525883,0.5105875682481413,1.1106548399155537e-16,0.48941243175185833,7.100365810246621e-17,0.951016492473859,0.015511411479748688,10.0,0.0,0.00102229264668224,0.0002904481148751194,7.863789589863386e-05,2.2342162682701488e-05,-157.9655772493205,5.0479292319152185,-154.6327238730956,5.0479292319152185,51.05875682481416,4.544234118557838e-15,48.94124317518584,4.544234118557838e-15,BL,HC-001,sess-1,upperleg,AzzEPG,healthyVolunteers,muscle
